{
  "b_c_transform": {
    "position": [
      -0.014154496328833584,
      -0.5024633728148657,
      0.6852607985477838
    ],
    "orientation": [
      0.8235880575406567,
      -0.3403315789823766,
      0.17190185740958802,
      -0.4199129424570097
    ],
    "T": [
      [
        0.7092483355329919,
        -0.41621841859030967,
        0.5689719031462472,
        -0.014154496328833584
      ],
      [
        -0.7049536776250509,
        -0.41569507420891677,
        0.5746633081042837,
        -0.5024633728148657
      ],
      [
        -0.002666635819873004,
        -0.808677830353117,
        -0.5882457443524596,
        0.6852607985477838
      ],
      [
        0.0,
        0.0,
        0.0,
        1.0
      ]
    ]
  }
}