{
  "b_c_transform": {
    "position": [
      0.949481758014562,
      -0.40073660319996435,
      0.6836547497312322
    ],
    "orientation": [
      0.7827027004326129,
      0.3556666038579866,
      -0.21350587098510668,
      -0.46399675935345963
    ],
    "T": [
      [
        0.6558330199100334,
        0.3586303581066303,
        -0.6642795467572328,
        0.949481758014562
      ],
      [
        0.7548944870667396,
        -0.31641654841922773,
        0.5744692170018395,
        -0.40073660319996435
      ],
      [
        -0.0041669403558073975,
        -0.8782168491498968,
        -0.47824450072875724,
        0.6836547497312322
      ],
      [
        0.0,
        0.0,
        0.0,
        1.0
      ]
    ]
  }
}