{
  "b_c_transform": {
    "position": [
      0.9574614319494098,
      -0.41018981238847413,
      0.6868063410928846
    ],
    "orientation": [
      0.7817506474817165,
      0.3661583874245533,
      -0.1983648965534382,
      -0.4641608862193277
    ],
    "T": [
      [
        0.6531588062679887,
        0.38834266054191313,
        -0.6500565758438291,
        0.9574614319494098
      ],
      [
        0.7566355652581096,
        -0.300965414045478,
        0.5804502053880024,
        -0.41018981238847413
      ],
      [
        0.02976903057065313,
        -0.8709820879625844,
        -0.4904120790388645,
        0.6868063410928846
      ],
      [
        0.0,
        0.0,
        0.0,
        1.0
      ]
    ]
  }
}