{
  "b_c_transform": {
    "position": [
      0.5415870297915282,
      0.5392634110194267,
      0.39833655528045314
    ],
    "orientation": [
      -0.005061447168599512,
      0.9068395746162254,
      -0.42069707601304884,
      -0.025106530952996375
    ],
    "T": [
      [
        -0.9986880877121311,
        -0.03030432951614382,
        -0.04127651965056002,
        0.5415870297915282
      ],
      [
        0.011944647126882698,
        0.6459767039732609,
        -0.7632636656679367,
        0.5392634110194267
      ],
      [
        0.0497938637474573,
        -0.7627553641479154,
        -0.6447672646751548,
        0.39833655528045314
      ],
      [
        0.0,
        0.0,
        0.0,
        1.0
      ]
    ]
  }
}