{
  "b_c_transform": {
    "position": [
      0.06991511616055607,
      -0.4916378936607058,
      0.40619177859657385
    ],
    "orientation": [
      0.7217970864571872,
      -0.26558865245275465,
      0.26085995900930903,
      -0.5834584093625759
    ],
    "T": [
      [
        0.7228294989479831,
        -0.07900035757306119,
        0.6864957821821894,
        0.06991511616055607
      ],
      [
        -0.6878041045728938,
        -0.1780779044648449,
        0.7037142699093775,
        -0.4916378936607058
      ],
      [
        0.06665605136285252,
        -0.9808400498780308,
        -0.18305673265950878,
        0.40619177859657385
      ],
      [
        0.0,
        0.0,
        0.0,
        1.0
      ]
    ]
  }
}