{
  "b_c_transform": {
    "position": [
      0.9321349901084625,
      -0.35813876692345015,
      0.683727225685853
    ],
    "orientation": [
      0.7903838447063188,
      0.386306900293741,
      -0.17752425657920137,
      -0.44107311767857854
    ],
    "T": [
      [
        0.6385042342228877,
        0.4540591115555747,
        -0.6214037866740169,
        0.9321349901084625
      ],
      [
        0.7672638208074157,
        -0.31244296729348076,
        0.5600764425226711,
        -0.35813876692345015
      ],
      [
        0.06015456889921604,
        -0.8343918236669192,
        -0.5478792863746011,
        0.683727225685853
      ],
      [
        0.0,
        0.0,
        0.0,
        1.0
      ]
    ]
  }
}